insert INTO VEHICLE_TYPE VALUES ('SEDAN','SEDAN');
insert INTO VEHICLE_TYPE VALUES ('TRUCK','TRUCK');
insert INTO VEHICLE_TYPE VALUES ('SUV','SUV');
insert INTO VEHICLE_TYPE VALUES ('VAN','VAN');

insert INTO VEHICLE_MAKE VALUES ('HONDA','HONDA');
insert INTO VEHICLE_MAKE VALUES ('TOYOTA','TOYOTA');
insert INTO VEHICLE_MAKE VALUES ('GMC','GENERAL MOTORS');

insert INTO VEHICLE_MODEL VALUES ('HONDA','ODYSSEY');
insert INTO VEHICLE_MODEL VALUES ('HONDA','CIVIC');
insert INTO VEHICLE_MODEL VALUES ('HONDA','ACCORD');
insert INTO VEHICLE_MODEL VALUES ('GMC','ACADIA');
insert INTO VEHICLE_MODEL VALUES ('TOYOTA','HIGHLANDER');
insert INTO VEHICLE_MODEL VALUES ('TOYOTA','CAMRY');
insert INTO VEHICLE_MODEL VALUES ('TOYOTA','COROLLA');

insert INTO VEHICLE_MODEL_YEAR VALUES ('HONDA','ODYSSEY','2024');
insert INTO VEHICLE_MODEL_YEAR VALUES ('HONDA','ODYSSEY','2025');
insert INTO VEHICLE_MODEL_YEAR VALUES ('HONDA','ODYSSEY','2026');
insert INTO VEHICLE_MODEL_YEAR VALUES ('TOYOTA','HIGHLANDER','2024');
insert INTO VEHICLE_MODEL_YEAR VALUES ('TOYOTA','HIGHLANDER','2025');
insert INTO VEHICLE_MODEL_YEAR VALUES ('TOYOTA','HIGHLANDER','2026');
insert INTO VEHICLE_MODEL_YEAR VALUES ('GMC','ACADIA','2024');
insert INTO VEHICLE_MODEL_YEAR VALUES ('GMC','ACADIA','2025');
insert INTO VEHICLE_MODEL_YEAR VALUES ('GMC','ACADIA','2026');

insert INTO VEHICLE_COLOR VALUES ('HONDA','ODYSSEY','2024','RED');
insert INTO VEHICLE_COLOR VALUES ('HONDA','ODYSSEY','2024','WHITE');
insert INTO VEHICLE_COLOR VALUES ('HONDA','ODYSSEY','2024','BLUE');

insert INTO BRANCH VALUES ('NYC001','NEW YORK CITY MAIN OFFICE','500 MADISION AVENUE','212-454-2000');
insert INTO BRANCH VALUES ('ATL001','ATLANTA MAIN OFFICE','200 PEACH STREET','520-312-1000');
insert INTO BRANCH VALUES ('WDC001','WASHINGTON D.C. MAIN OFFICE','400 CONSTITUTION AVENUE','202-522-7000');

insert INTO VEHICLE VALUES (1,'GXKD90','HONDA','ODYSSEY','2024','RED',125.00,'VAN',42000,'NYC001');
insert INTO VEHICLE VALUES (2,'RSAF45','TOYOTA','HIGHLANDER','2025','BLUE',115.00,'SUV',50000,'NYC001');
insert INTO VEHICLE VALUES (3,'WW2V01','GMC','ACADIA','2024','WHITE',110.00,'TRUCK',65000,'NYC001');

insert INTO STAFF VALUES ('125000','ZIGGY ZELDON',1002,'212-454-2000','ziggy@uscongress.gov','WDC001');

insert INTO CUSTOMER VALUES
('000001','ELIAS','SEIFE','6121 SW 93 AVE','786-286-6005','elias.seife@fiu.edu','S100-201-62-411','2030-11-15'),
('000002','PETER','GREENE','10700 SW 8 ST','305-348-2000','peter.greene@fiu.edu','G200-300-70-548','2028-05-15');

insert INTO AGREEMENT VALUES
(NULL,'000001',1,'2026-02-05 10:00','2026-02-10 10:00','NYC001','NYC001','2026-02-05 11:00',NULL,125.00,0,'Active',NULL);
